Produkt,count,mean,std,min,25%,50%,75%,max
Bananen,2.0,2.5,0.7071067811865476,2.0,2.25,2.5,2.75,3.0
Brot,3.0,1.3333333333333333,0.5773502691896257,1.0,1.0,1.0,1.5,2.0
Käse,1.0,1.0,,1.0,1.0,1.0,1.0,1.0
Milch,3.0,1.3333333333333333,0.5773502691896257,1.0,1.0,1.0,1.5,2.0
Äpfel,1.0,5.0,,5.0,5.0,5.0,5.0,5.0
